{
  "obtener lista de productos" : {
    "transaction" : "obtener lista de productos",
    "sampleCount" : 551,
    "errorCount" : 0,
    "errorPct" : 0.0,
    "meanResTime" : 248.33393829401078,
    "medianResTime" : 229.0,
    "minResTime" : 207.0,
    "maxResTime" : 1018.0,
    "pct1ResTime" : 282.0,
    "pct2ResTime" : 314.0,
    "pct3ResTime" : 764.8000000000002,
    "throughput" : 9.899389148401006,
    "receivedKBytesPerSec" : 44.37323846793029,
    "sentKBytesPerSec" : 23.520716599667626
  },
  "Obtener terminales del cliente" : {
    "transaction" : "Obtener terminales del cliente",
    "sampleCount" : 565,
    "errorCount" : 0,
    "errorPct" : 0.0,
    "meanResTime" : 909.3362831858406,
    "medianResTime" : 737.0,
    "minResTime" : 689.0,
    "maxResTime" : 3899.0,
    "pct1ResTime" : 1007.4000000000005,
    "pct2ResTime" : 1772.099999999999,
    "pct3ResTime" : 3813.6800000000003,
    "throughput" : 9.575459706804509,
    "receivedKBytesPerSec" : 9.612863846284213,
    "sentKBytesPerSec" : 12.614546039530548
  },
  "Total" : {
    "transaction" : "Total",
    "sampleCount" : 1667,
    "errorCount" : 0,
    "errorPct" : 0.0,
    "meanResTime" : 479.8164367126576,
    "medianResTime" : 260.0,
    "minResTime" : 207.0,
    "maxResTime" : 3899.0,
    "pct1ResTime" : 765.2,
    "pct2ResTime" : 900.0,
    "pct3ResTime" : 3722.64,
    "throughput" : 28.251843064147106,
    "receivedKBytesPerSec" : 57.84498863973392,
    "sentKBytesPerSec" : 50.468875783831876
  },
  "obtener carrito del cliente" : {
    "transaction" : "obtener carrito del cliente",
    "sampleCount" : 551,
    "errorCount" : 0,
    "errorPct" : 0.0,
    "meanResTime" : 270.86569872958205,
    "medianResTime" : 252.0,
    "minResTime" : 228.0,
    "maxResTime" : 1029.0,
    "pct1ResTime" : 314.8,
    "pct2ResTime" : 343.5999999999999,
    "pct3ResTime" : 757.6400000000003,
    "throughput" : 9.843680214381422,
    "receivedKBytesPerSec" : 6.719465302590442,
    "sentKBytesPerSec" : 16.515080672175078
  }
}